{
	"id": "GoogleWorkspaceReportsAPI",
	"title": "Google Workspace (G Suite)",
	"publisher": "Google",
	"descriptionMarkdown": "The [Google Workspace](https://workspace.google.com/) data connector provides the capability to ingest Google Workspace Activity events into Azure Sentinel through the REST API. The connector provides ability to get [events](https://developers.google.com/admin-sdk/reports/v1/reference/activities) which helps to examine potential security risks, analyze your team's use of collaboration, diagnose configuration problems, track who signs in and when, analyze administrator activity, understand how users create and share content, and more review events in your org.",
	"additionalRequirementBanner": "These queries and workbooks are dependent on a parser based on Kusto to work as expected. ​Follow the steps to use this Kusto functions alias **GWorkspaceActivityReports** in queries and workbooks [Follow steps to get this Kusto functions>](https://aka.ms/sentinel-GWorkspaceReportsAPI-parser)",
	"graphQueries": [{
			"metricName": "Total data received",
			"legend": "GWorkspace_ReportsAPI_admin_CL",
			"baseQuery": "GWorkspace_ReportsAPI_admin_CL"
		},
		{
			"metricName": "Total data received",
			"legend": "GWorkspace_ReportsAPI_calendar_CL",
			"baseQuery": "GWorkspace_ReportsAPI_calendar_CL"
		},
		{
			"metricName": "Total data received",
			"legend": "GWorkspace_ReportsAPI_drive_CL",
			"baseQuery": "GWorkspace_ReportsAPI_drive_CL"
		},
		{
			"metricName": "Total data received",
			"legend": "GWorkspace_ReportsAPI_login_CL",
			"baseQuery": "GWorkspace_ReportsAPI_login_CL"
		},
		{
			"metricName": "Total data received",
			"legend": "GWorkspace_ReportsAPI_mobile_CL",
			"baseQuery": "GWorkspace_ReportsAPI_mobile_CL"
		},
		{
			"metricName": "Total data received",
			"legend": "GWorkspace_ReportsAPI_token_CL",
			"baseQuery": "GWorkspace_ReportsAPI_token_CL"
		},
		{
			"metricName": "Total data received",
			"legend": "GWorkspace_ReportsAPI_user_accounts_CL",
			"baseQuery": "GWorkspace_ReportsAPI_user_accounts_CL"
		}
	],
	"sampleQueries": [{
		"description": "Google Workspace Events - All Activities",
		"query": "GWorkspaceActivityReports\n | sort by TimeGenerated desc"
	},
	{
		"description": "Google Workspace Events - Admin Activity",
		"query": "GWorkspace_ReportsAPI_admin_CL\n | sort by TimeGenerated desc"
	},
	{
		"description": "Google Workspace Events - Calendar Activity",
		"query": "GWorkspace_ReportsAPI_calendar_CL\n | sort by TimeGenerated desc"
	},
	{
		"description": "Google Workspace Events - Drive Activity",
		"query": "GWorkspace_ReportsAPI_drive_CL\n | sort by TimeGenerated desc"
	},
	{
		"description": "Google Workspace Events - Login Activity",
		"query": "GWorkspace_ReportsAPI_login_CL\n | sort by TimeGenerated desc"
	},
	{
		"description": "Google Workspace Events - Mobile Activity",
		"query": "GWorkspace_ReportsAPI_mobile_CL\n | sort by TimeGenerated desc"
	},
	{
		"description": "Google Workspace Events - Token Activity",
		"query": "GWorkspace_ReportsAPI_token_CL\n | sort by TimeGenerated desc"
	},
	{
		"description": "Google Workspace Events - User Accounts Activity",
		"query": "GWorkspace_ReportsAPI_user_accounts_CL\n | sort by TimeGenerated desc"
	}

],
	"dataTypes": [{
			"name": "GWorkspace_ReportsAPI_admin_CL",
			"lastDataReceivedQuery": "GWorkspace_ReportsAPI_admin_CL\n            | summarize Time = max(TimeGenerated)\n            | where isnotempty(Time)"
		},
		{
			"name": "GWorkspace_ReportsAPI_calendar_CL",
			"lastDataReceivedQuery": "GWorkspace_ReportsAPI_calendar_CL\n            | summarize Time = max(TimeGenerated)\n            | where isnotempty(Time)"
		},
		{
			"name": "GWorkspace_ReportsAPI_drive_CL",
			"lastDataReceivedQuery": "GWorkspace_ReportsAPI_drive_CL\n            | summarize Time = max(TimeGenerated)\n            | where isnotempty(Time)"
		},
		{
			"name": "GWorkspace_ReportsAPI_login_CL",
			"lastDataReceivedQuery": "GWorkspace_ReportsAPI_login_CL\n            | summarize Time = max(TimeGenerated)\n            | where isnotempty(Time)"
		},
		{
			"name": "GWorkspace_ReportsAPI_mobile_CL",
			"lastDataReceivedQuery": "GWorkspace_ReportsAPI_mobile_CL\n            | summarize Time = max(TimeGenerated)\n            | where isnotempty(Time)"
		},
		{
			"name": "GWorkspace_ReportsAPI_token_CL",
			"lastDataReceivedQuery": "GWorkspace_ReportsAPI_token_CL\n            | summarize Time = max(TimeGenerated)\n            | where isnotempty(Time)"
		},
		{
			"name": "GWorkspace_ReportsAPI_user_accounts_CL",
			"lastDataReceivedQuery": "GWorkspace_ReportsAPI_user_accounts_CL\n            | summarize Time = max(TimeGenerated)\n            | where isnotempty(Time)"
		}
	],
	"connectivityCriterias": [{
			"type": "IsConnectedQuery",
			"value": [
				"GWorkspace_ReportsAPI_admin_CL\n            | summarize LastLogReceived = max(TimeGenerated)\n            | project IsConnected = LastLogReceived > ago(30d)",
				"GWorkspace_ReportsAPI_calendar_CL\n            | summarize LastLogReceived = max(TimeGenerated)\n            | project IsConnected = LastLogReceived > ago(30d)",
				"GWorkspace_ReportsAPI_drive_CL\n            | summarize LastLogReceived = max(TimeGenerated)\n            | project IsConnected = LastLogReceived > ago(30d)",
				"GWorkspace_ReportsAPI_login_CL\n            | summarize LastLogReceived = max(TimeGenerated)\n            | project IsConnected = LastLogReceived > ago(30d)",
				"GWorkspace_ReportsAPI_mobile_CL\n            | summarize LastLogReceived = max(TimeGenerated)\n            | project IsConnected = LastLogReceived > ago(30d)",
				"GWorkspace_ReportsAPI_token_CL\n            | summarize LastLogReceived = max(TimeGenerated)\n            | project IsConnected = LastLogReceived > ago(30d)",
				"GWorkspace_ReportsAPI_user_accounts_CL\n            | summarize LastLogReceived = max(TimeGenerated)\n            | project IsConnected = LastLogReceived > ago(30d)"


			]
		}
	],
	"availability": {
		"status": 1,
		"isPreview": true
	},
	"permissions": {
		"resourceProvider": [{
				"provider": "Microsoft.OperationalInsights/workspaces",
				"permissionsDisplayText": "read and write permissions on the workspace are required.",
				"providerDisplayName": "Workspace",
				"scope": "Workspace",
				"requiredPermissions": {
					"write": true,
					"read": true,
					"delete": true
				}
			},
			{
				"provider": "Microsoft.OperationalInsights/workspaces/sharedKeys",
				"permissionsDisplayText": "read permissions to shared keys for the workspace are required. [See the documentation to learn more about workspace keys](https://docs.microsoft.com/azure/azure-monitor/platform/agent-windows#obtain-workspace-id-and-key).",
				"providerDisplayName": "Keys",
				"scope": "Workspace",
				"requiredPermissions": {
					"action": true
				}
			}
		],
		"customs": [{
				"name": "Microsoft.Web/sites permissions",
				"description": "Read and write permissions to Azure Functions to create a Function App is required. [See the documentation to learn more about Azure Functions](https://docs.microsoft.com/azure/azure-functions/)."
			},
			{
				"name": "REST API Credentials/permissions",
				"description": "**GooglePickleString** is required for REST API. [See the documentation to learn more about API](https://developers.google.com/admin-sdk/reports/v1/reference/activities). Check all [requirements and follow  the instructions](https://developers.google.com/admin-sdk/reports/v1/quickstart/python) for obtaining credentials."
			}
		]
	},
	"instructionSteps": [{
			"title": "",
			"description": ">**NOTE:** This connector uses Azure Functions to connect to the Google Reports API to pull its logs into Azure Sentinel. This might result in additional data ingestion costs. Check the [Azure Functions pricing page](https://azure.microsoft.com/pricing/details/functions/) for details."
		},
		{
			"title": "",
			"description": ">**(Optional Step)** Securely store workspace and API authorization key(s) or token(s) in Azure Key Vault. Azure Key Vault provides a secure mechanism to store and retrieve key values. [Follow these instructions](https://docs.microsoft.com/azure/app-service/app-service-key-vault-references) to use Azure Key Vault with an Azure Function App."
		},
		{
			"description": ">**NOTE:** This data connector depends on a parser based on a Kusto Function to work as expected. [Follow these steps](https://aka.ms/sentinel-GWorkspaceReportsAPI-parser) to create the Kusto functions alias, **GWorkspaceActivityReports**"
		},
		{
			"title": "",
			"description": "**STEP 1 - Configuration steps for the Google Reports API**\n\n**NOTE:** Add `http://localhost:8081/` under Authorised redirect URIs while creating [Web application credentials](https://developers.google.com/workspace/guides/create-credentials#web)\n\n1. [Follow the instructions](https://developers.google.com/admin-sdk/reports/v1/quickstart/python) to obtain the credentials.json.\n2. To get google pickle string run [python script](https://aka.ms/sentinel-GoogleWorkspaceReportsAPI-getgooglepicklestringscript).(credentials.json in the same path)\n3. As a result copy output pickle string in single quotes and save. It will be needed on Function App deployment step."
		},
		{
			"title": "",
			"description": "**STEP 2 - Choose ONE from the following two deployment options to deploy the connector and the associated Azure Function**\n\n>**IMPORTANT:** Before deploying the Workspace data connector, have the Workspace ID and Workspace Primary Key (can be copied from the following), as well as the Workspace GooglePickleString readily available.",
			"instructions": [{
					"parameters": {
						"fillWith": [
							"WorkspaceId"
						],
						"label": "Workspace ID"
					},
					"type": "CopyableLabel"
				},
				{
					"parameters": {
						"fillWith": [
							"PrimaryKey"
						],
						"label": "Primary Key"
					},
					"type": "CopyableLabel"
				}
			]
		},
		{
			"title": "Option 1 - Azure Resource Manager (ARM) Template",
			"description": "Use this method for automated deployment of the Google Workspace data connector using an ARM Template.\n\n1. Click the **Deploy to Azure** button below. \n\n\t[![Deploy To Azure](https://aka.ms/deploytoazurebutton)](https://aka.ms/sentinelgworkspaceazuredeploy)\n2. Select the preferred **Subscription**, **Resource Group** and **Location**. \n3. Enter the **Workspace ID**, **Workspace Key**, **GooglePickleString** and deploy. \n4. Mark the checkbox labeled **I agree to the terms and conditions stated above**. \n5. Click **Purchase** to deploy."
		},
		{
			"title": "Option 2 - Manual Deployment of Azure Functions",
			"description": "Use the following step-by-step instructions to deploy the Google Workspace data connector manually with Azure Functions (Deployment via Visual Studio Code)."
		},
		{
			"title": "",
			"description": "**1. Deploy a Function App**\n\n> **NOTE:** You will need to [prepare VS code](https://docs.microsoft.com/azure/azure-functions/functions-create-first-function-python#prerequisites) for Azure function development.\n\n1. Download the [Azure Function App](https://aka.ms/sentinel-GWorkspaceReportsAPI-functionapp) file. Extract archive to your local development computer.\n2. Start VS Code. Choose File in the main menu and select Open Folder.\n3. Select the top level folder from extracted files.\n4. Choose the Azure icon in the Activity bar, then in the **Azure: Functions** area, choose the **Deploy to function app** button.\nIf you aren't already signed in, choose the Azure icon in the Activity bar, then in the **Azure: Functions** area, choose **Sign in to Azure**\nIf you're already signed in, go to the next step.\n5. Provide the following information at the prompts:\n\n\ta. **Select folder:** Choose a folder from your workspace or browse to one that contains your function app.\n\n\tb. **Select Subscription:** Choose the subscription to use.\n\n\tc. Select **Create new Function App in Azure** (Don't choose the Advanced option)\n\n\td. **Enter a globally unique name for the function app:** Type a name that is valid in a URL path. The name you type is validated to make sure that it's unique in Azure Functions. (e.g. GWorkspaceXXXXX).\n\n\te. **Select a runtime:** Choose Python 3.8.\n\n\tf. Select a location for new resources. For better performance and lower costs choose the same [region](https://azure.microsoft.com/regions/) where Azure Sentinel is located.\n\n6. Deployment will begin. A notification is displayed after your function app is created and the deployment package is applied.\n7. Go to Azure Portal for the Function App configuration."
		},
		{
			"title": "",
			"description": "**2. Configure the Function App**\n\n1. In the Function App, select the Function App Name and select **Configuration**.\n2. In the **Application settings** tab, select ** New application setting**.\n3. Add each of the following application settings individually, with their respective string values (case-sensitive): \n\t\tGooglePickleString\n\t\tWorkspaceID\n\t\tWorkspaceKey\n\t\tlogAnalyticsUri (optional)\n - Use logAnalyticsUri to override the log analytics API endpoint for dedicated cloud. For example, for public cloud, leave the value empty; for Azure GovUS cloud environment, specify the value in the following format: `https://<CustomerId>.ods.opinsights.azure.us`. \n4. Once all application settings have been entered, click **Save**."

		}
	]
}
